"id","serialNumber","sensorType","model","userId","location","unitModel","status","lastUpdated","batteryLevel","connectivity","manufacturer","firmwareVersion","createdAt","updatedAt"
"sensor-1","SN-0001","humidity","T-Model-Q","user-1","201 Light Ave, BrightCity, ST","{\"Humidity\":{\"value\":61.0,\"unit\":\"%\"}}","active","1736166546377","5.5","intermittent","MotionMaker","2.5","1736159192992","1736166694282"
"sensor-2","SN-0002","light","AQ-Model-X","user-2","303 Heat Rd, HotCity, ST","{\"LightIntensity\":{\"value\":1201.5,\"unit\":\"lumens\"}}","active","1736166323286","89.7","intermittent","MotionMaker","3.7","1736162249371","1736166971686"
"sensor-3","SN-0003","motion","T-Model-Q","user-3","101 Main St, Springfield, ST","{\"Motion\":{\"detected\":false,\"timestamp\":1736162712181}}","active","1736165750635","90.0","online","Acme Corp","2.6","1736160251318","1736166797950"
"sensor-4","SN-0004","light","LX-Model-Z","user-4","303 Heat Rd, HotCity, ST","{\"LightIntensity\":{\"value\":1386.0,\"unit\":\"lumens\"}}","active","1736164149049","","intermittent","LightCorp","2.9","1736161196847","1736167179319"
"sensor-5","SN-0005","motion","LX-Model-Z","user-5","303 Heat Rd, HotCity, ST","{\"Motion\":{\"detected\":false,\"timestamp\":1736161681735}}","active","1736167282693","67.5","online","LightCorp","3.3","1736160413042","1736167199978"
"sensor-6","SN-0006","temperature","H-Model-A","user-6","201 Light Ave, BrightCity, ST","{\"Temperature\":{\"value\":20.7,\"unit\":\"C\"}}","active","1736167161469","45.2","intermittent","Acme Corp","2.4","1736161975177","1736167080719"
"sensor-7","SN-0007","airQuality","H-Model-A","user-7","101 Main St, Springfield, ST","{\"AirQuality\":{\"co2Level\":395.9,\"vocLevel\":0.27,\"unit\":\"ppm\"}}","active","1736165295986","","online","","","1736162220682","1736167049512"
"sensor-8","SN-0008","light","T-Model-Q","user-8","303 Heat Rd, HotCity, ST","{\"LightIntensity\":{\"value\":1116.7,\"unit\":\"lumens\"}}","active","1736163235019","4.9","online","Acme Corp","2.2","1736157426737","1736166861545"
"sensor-9","SN-0009","motion","T-Model-Q","user-9","303 Heat Rd, HotCity, ST","{\"Motion\":{\"detected\":true,\"timestamp\":1736161549817}}","active","1736166778719","14.7","offline","","","1736161915725","1736166740616"
"sensor-10","SN-0010","light","T-Model-Q","user-10","303 Heat Rd, HotCity, ST","{\"LightIntensity\":{\"value\":1131.7,\"unit\":\"lumens\"}}","active","1736166283706","3.3","offline","","3.0","1736161960597","1736166825656"
"sensor-11","SN-0011","humidity","H-Model-A","user-11","303 Heat Rd, HotCity, ST","{\"Humidity\":{\"value\":48.4,\"unit\":\"%\"}}","active","1736167073668","","online","","3.8","1736157939629","1736166401745"
"sensor-12","SN-0012","humidity","MotionPro-2","user-12","202 Move Rd, ActiveTown, ST","{\"Humidity\":{\"value\":49.8,\"unit\":\"%\"}}","active","1736165601727","66.6","intermittent","Acme Corp","2.6","1736160736230","1736166578446"
"sensor-13","SN-0013","humidity","H-Model-A","user-13","101 Main St, Springfield, ST","{\"Humidity\":{\"value\":56.4,\"unit\":\"%\"}}","active","1736166947280","13.6","offline","","1.9","1736158183875","1736167258433"
"sensor-14","SN-0014","motion","LX-Model-Z","user-14","101 Main St, Springfield, ST","{\"Motion\":{\"detected\":false,\"timestamp\":1736162917968}}","active","1736164876294","77.6","offline","LightCorp","3.0","1736159939194","1736166869114"
"sensor-15","SN-0015","humidity","MotionPro-2","user-15","101 Main St, Springfield, ST","{\"Humidity\":{\"value\":65.1,\"unit\":\"%\"}}","active","1736163268929","43.9","online","MotionMaker","","1736161656779","1736166818118"
"sensor-16","SN-0016","humidity","LX-Model-Z","user-16","101 Main St, Springfield, ST","{\"Humidity\":{\"value\":63.5,\"unit\":\"%\"}}","active","1736162299897","1.1","offline","","3.8","1736162110693","1736166501415"
"sensor-17","SN-0017","airQuality","LX-Model-Z","user-17","201 Light Ave, BrightCity, ST","{\"AirQuality\":{\"co2Level\":394.3,\"vocLevel\":0.27,\"unit\":\"ppm\"}}","active","1736164708407","","offline","","","1736161083434","1736166347240"
"sensor-18","SN-0018","temperature","H-Model-A","user-18","101 Main St, Springfield, ST","{\"Temperature\":{\"value\":25.7,\"unit\":\"C\"}}","active","1736165447147","","offline","Acme Corp","","1736157775512","1736166709271"
"sensor-19","SN-0019","humidity","MotionPro-2","user-19","202 Move Rd, ActiveTown, ST","{\"Humidity\":{\"value\":42.9,\"unit\":\"%\"}}","active","1736165895365","20.0","offline","Acme Corp","3.4","1736160676448","1736166440942"
"sensor-20","SN-0020","light","T-Model-Q","user-20","101 Main St, Springfield, ST","{\"LightIntensity\":{\"value\":1639.0,\"unit\":\"lumens\"}}","active","1736162662446","10.5","intermittent","LightCorp","2.0","1736161072482","1736167005167"
"sensor-21","SN-0021","light","H-Model-A","user-21","303 Heat Rd, HotCity, ST","{\"LightIntensity\":{\"value\":1337.6,\"unit\":\"lumens\"}}","active","1736165253006","","offline","MotionMaker","","1736158416555","1736167030180"
"sensor-22","SN-0022","temperature","T-Model-Q","user-22","101 Main St, Springfield, ST","{\"Temperature\":{\"value\":23.4,\"unit\":\"C\"}}","active","1736166172370","45.1","offline","","2.2","1736157796848","1736166564443"
"sensor-23","SN-0023","light","H-Model-A","user-23","101 Main St, Springfield, ST","{\"LightIntensity\":{\"value\":1491.4,\"unit\":\"lumens\"}}","active","1736162598842","46.6","intermittent","","","1736159804134","1736166955682"
"sensor-24","SN-0024","motion","H-Model-A","user-24","201 Light Ave, BrightCity, ST","{\"Motion\":{\"detected\":false,\"timestamp\":1736165456473}}","active","1736165454565","70.7","intermittent","MotionMaker","2.9","1736159422134","1736167188426"
"sensor-25","SN-0025","humidity","AQ-Model-X","user-25","201 Light Ave, BrightCity, ST","{\"Humidity\":{\"value\":55.8,\"unit\":\"%\"}}","active","1736166564094","","intermittent","Acme Corp","3.0","1736159288353","1736166448853"
"sensor-26","SN-0026","airQuality","LX-Model-Z","user-26","201 Light Ave, BrightCity, ST","{\"AirQuality\":{\"co2Level\":406.0,\"vocLevel\":0.1,\"unit\":\"ppm\"}}","active","1736164173333","42.8","offline","Acme Corp","1.7","1736160673056","1736167260891"
"sensor-27","SN-0027","motion","AQ-Model-X","user-27","202 Move Rd, ActiveTown, ST","{\"Motion\":{\"detected\":true,\"timestamp\":1736165366548}}","active","1736163152988","55.4","intermittent","MotionMaker","3.4","1736161893499","1736166877336"
"sensor-28","SN-0028","motion","H-Model-A","user-28","201 Light Ave, BrightCity, ST","{\"Motion\":{\"detected\":false,\"timestamp\":1736166825068}}","active","1736162939185","84.5","intermittent","LightCorp","2.0","1736161464807","1736166598204"
"sensor-29","SN-0029","light","LX-Model-Z","user-29","303 Heat Rd, HotCity, ST","{\"LightIntensity\":{\"value\":1751.7,\"unit\":\"lumens\"}}","active","1736165813155","45.0","online","MotionMaker","","1736158078785","1736166890985"
"sensor-30","SN-0030","motion","AQ-Model-X","user-30","101 Main St, Springfield, ST","{\"Motion\":{\"detected\":false,\"timestamp\":1736160469935}}","active","1736165803466","20.2","intermittent","LightCorp","","1736158742451","1736166593083"
"sensor-31","SN-0031","airQuality","H-Model-A","user-31","202 Move Rd, ActiveTown, ST","{\"AirQuality\":{\"co2Level\":396.2,\"vocLevel\":0.12,\"unit\":\"ppm\"}}","active","1736162533721","30.8","online","","","1736160270538","1736166409612"
"sensor-32","SN-0032","temperature","H-Model-A","user-32","101 Main St, Springfield, ST","{\"Temperature\":{\"value\":25.5,\"unit\":\"C\"}}","active","1736163055882","","offline","","2.6","1736158382307","1736166922413"
"sensor-33","SN-0033","light","LX-Model-Z","user-33","201 Light Ave, BrightCity, ST","{\"LightIntensity\":{\"value\":1116.3,\"unit\":\"lumens\"}}","active","1736165729020","","intermittent","MotionMaker","1.3","1736160970342","1736166982026"
"sensor-34","SN-0034","airQuality","T-Model-Q","user-34","101 Main St, Springfield, ST","{\"AirQuality\":{\"co2Level\":408.1,\"vocLevel\":0.25,\"unit\":\"ppm\"}}","active","1736163254915","5.6","online","MotionMaker","1.9","1736161542104","1736166532218"
"sensor-35","SN-0035","airQuality","T-Model-Q","user-35","101 Main St, Springfield, ST","{\"AirQuality\":{\"co2Level\":396.9,\"vocLevel\":0.22,\"unit\":\"ppm\"}}","active","1736166818946","58.3","intermittent","LightCorp","1.3","1736157993494","1736166981892"
"sensor-36","SN-0036","temperature","LX-Model-Z","user-36","101 Main St, Springfield, ST","{\"Temperature\":{\"value\":22.6,\"unit\":\"C\"}}","active","1736163311845","","intermittent","LightCorp","2.1","1736160261436","1736167265458"
"sensor-37","SN-0037","humidity","MotionPro-2","user-37","101 Main St, Springfield, ST","{\"Humidity\":{\"value\":47.5,\"unit\":\"%\"}}","active","1736163883308","17.8","offline","","","1736161546028","1736166433093"
"sensor-38","SN-0038","temperature","AQ-Model-X","user-38","101 Main St, Springfield, ST","{\"Temperature\":{\"value\":28.6,\"unit\":\"C\"}}","active","1736166781366","","intermittent","LightCorp","1.4","1736160674997","1736166422930"
"sensor-39","SN-0039","humidity","LX-Model-Z","user-39","202 Move Rd, ActiveTown, ST","{\"Humidity\":{\"value\":41.1,\"unit\":\"%\"}}","active","1736167106097","","intermittent","Acme Corp","3.0","1736162011886","1736166702404"
"sensor-40","SN-0040","humidity","T-Model-Q","user-40","303 Heat Rd, HotCity, ST","{\"Humidity\":{\"value\":66.0,\"unit\":\"%\"}}","active","1736164067475","","offline","Acme Corp","","1736160114640","1736167139800"
"sensor-41","SN-0041","temperature","AQ-Model-X","user-41","202 Move Rd, ActiveTown, ST","{\"Temperature\":{\"value\":28.1,\"unit\":\"C\"}}","active","1736165614194","67.9","intermittent","","2.5","1736160343312","1736166438334"
"sensor-42","SN-0042","temperature","AQ-Model-X","user-42","202 Move Rd, ActiveTown, ST","{\"Temperature\":{\"value\":25.5,\"unit\":\"C\"}}","active","1736163092254","55.2","intermittent","","2.3","1736160827920","1736166473413"
"sensor-43","SN-0043","temperature","T-Model-Q","user-43","202 Move Rd, ActiveTown, ST","{\"Temperature\":{\"value\":26.0,\"unit\":\"C\"}}","active","1736166266979","","offline","LightCorp","","1736158246560","1736166616413"
"sensor-44","SN-0044","light","LX-Model-Z","user-44","303 Heat Rd, HotCity, ST","{\"LightIntensity\":{\"value\":1537.9,\"unit\":\"lumens\"}}","active","1736162456193","8.4","offline","LightCorp","3.0","1736159738477","1736166739924"
"sensor-45","SN-0045","motion","MotionPro-2","user-45","101 Main St, Springfield, ST","{\"Motion\":{\"detected\":false,\"timestamp\":1736158312702}}","active","1736166621452","","intermittent","MotionMaker","","1736160660781","1736166432074"
"sensor-46","SN-0046","humidity","LX-Model-Z","user-46","303 Heat Rd, HotCity, ST","{\"Humidity\":{\"value\":63.7,\"unit\":\"%\"}}","active","1736166843168","92.5","intermittent","","3.2","1736159447893","1736166675552"
"sensor-47","SN-0047","light","MotionPro-2","user-47","303 Heat Rd, HotCity, ST","{\"LightIntensity\":{\"value\":832.4,\"unit\":\"lumens\"}}","active","1736167159535","25.1","online","Acme Corp","1.7","1736158745980","1736167012406"
"sensor-48","SN-0048","motion","LX-Model-Z","user-48","101 Main St, Springfield, ST","{\"Motion\":{\"detected\":false,\"timestamp\":1736162269781}}","active","1736164838806","34.7","offline","LightCorp","","1736159876193","1736166694515"
"sensor-49","SN-0049","humidity","LX-Model-Z","user-49","201 Light Ave, BrightCity, ST","{\"Humidity\":{\"value\":59.3,\"unit\":\"%\"}}","active","1736162928168","35.3","offline","MotionMaker","2.6","1736162179883","1736167283902"
"sensor-50","SN-0050","light","MotionPro-2","user-50","101 Main St, Springfield, ST","{\"LightIntensity\":{\"value\":980.2,\"unit\":\"lumens\"}}","active","1736166765990","18.3","offline","","","1736160368014","1736166693396"
"sensor-51","SN-0051","humidity","LX-Model-Z","user-51","303 Heat Rd, HotCity, ST","{\"Humidity\":{\"value\":51.6,\"unit\":\"%\"}}","active","1736163952495","2.8","online","Acme Corp","3.4","1736160445634","1736167165868"
"sensor-52","SN-0052","humidity","H-Model-A","user-52","201 Light Ave, BrightCity, ST","{\"Humidity\":{\"value\":50.6,\"unit\":\"%\"}}","active","1736162752375","8.8","intermittent","","2.8","1736160641636","1736167125133"
"sensor-53","SN-0053","airQuality","T-Model-Q","user-53","201 Light Ave, BrightCity, ST","{\"AirQuality\":{\"co2Level\":407.4,\"vocLevel\":0.24,\"unit\":\"ppm\"}}","active","1736167175266","78.8","online","MotionMaker","","1736160532906","1736166535158"
"sensor-54","SN-0054","motion","LX-Model-Z","user-54","101 Main St, Springfield, ST","{\"Motion\":{\"detected\":false,\"timestamp\":1736158303659}}","active","1736164090331","","offline","Acme Corp","1.2","1736159898790","1736166486733"
"sensor-55","SN-0055","temperature","LX-Model-Z","user-55","303 Heat Rd, HotCity, ST","{\"Temperature\":{\"value\":29.1,\"unit\":\"C\"}}","active","1736166574756","97.1","offline","MotionMaker","1.8","1736158210977","1736166480109"
"sensor-56","SN-0056","light","AQ-Model-X","user-56","101 Main St, Springfield, ST","{\"LightIntensity\":{\"value\":1394.1,\"unit\":\"lumens\"}}","active","1736164905004","","intermittent","Acme Corp","3.8","1736160638818","1736166944748"
"sensor-57","SN-0057","temperature","T-Model-Q","user-57","101 Main St, Springfield, ST","{\"Temperature\":{\"value\":20.8,\"unit\":\"C\"}}","active","1736164674666","","intermittent","Acme Corp","3.6","1736160146067","1736167077776"
"sensor-58","SN-0058","airQuality","H-Model-A","user-58","303 Heat Rd, HotCity, ST","{\"AirQuality\":{\"co2Level\":390.4,\"vocLevel\":0.15,\"unit\":\"ppm\"}}","active","1736165831183","68.9","intermittent","Acme Corp","1.6","1736158242273","1736166478125"
"sensor-59","SN-0059","motion","AQ-Model-X","user-59","101 Main St, Springfield, ST","{\"Motion\":{\"detected\":false,\"timestamp\":1736163230333}}","active","1736163970434","","offline","Acme Corp","","1736162239448","1736166596461"
"sensor-60","SN-0060","humidity","T-Model-Q","user-60","202 Move Rd, ActiveTown, ST","{\"Humidity\":{\"value\":53.4,\"unit\":\"%\"}}","active","1736166732502","","intermittent","","1.3","1736160092771","1736166953617"
"sensor-61","SN-0061","motion","MotionPro-2","user-61","303 Heat Rd, HotCity, ST","{\"Motion\":{\"detected\":true,\"timestamp\":1736165480774}}","active","1736166083265","48.8","offline","Acme Corp","2.8","1736158740952","1736166643396"
"sensor-62","SN-0062","temperature","AQ-Model-X","user-62","201 Light Ave, BrightCity, ST","{\"Temperature\":{\"value\":21.2,\"unit\":\"C\"}}","active","1736166028155","","offline","LightCorp","","1736161929668","1736166769783"
"sensor-63","SN-0063","airQuality","AQ-Model-X","user-63","101 Main St, Springfield, ST","{\"AirQuality\":{\"co2Level\":403.3,\"vocLevel\":0.21,\"unit\":\"ppm\"}}","active","1736162424902","","online","MotionMaker","2.6","1736161557587","1736166858861"
"sensor-64","SN-0064","temperature","LX-Model-Z","user-64","202 Move Rd, ActiveTown, ST","{\"Temperature\":{\"value\":27.0,\"unit\":\"C\"}}","active","1736164418739","33.6","offline","","3.7","1736158754378","1736166745496"
"sensor-65","SN-0065","light","AQ-Model-X","user-65","303 Heat Rd, HotCity, ST","{\"LightIntensity\":{\"value\":956.6,\"unit\":\"lumens\"}}","active","1736164118977","98.6","offline","MotionMaker","2.5","1736158979901","1736166785043"
"sensor-66","SN-0066","humidity","H-Model-A","user-66","202 Move Rd, ActiveTown, ST","{\"Humidity\":{\"value\":52.6,\"unit\":\"%\"}}","active","1736164836538","36.4","online","LightCorp","3.2","1736160363073","1736166309667"
"sensor-67","SN-0067","airQuality","H-Model-A","user-67","202 Move Rd, ActiveTown, ST","{\"AirQuality\":{\"co2Level\":404.3,\"vocLevel\":0.21,\"unit\":\"ppm\"}}","active","1736166662194","73.8","online","MotionMaker","3.2","1736158445526","1736166769916"
"sensor-68","SN-0068","light","T-Model-Q","user-68","201 Light Ave, BrightCity, ST","{\"LightIntensity\":{\"value\":1414.4,\"unit\":\"lumens\"}}","active","1736162392710","71.8","intermittent","MotionMaker","","1736159454759","1736167251764"
"sensor-69","SN-0069","temperature","T-Model-Q","user-69","303 Heat Rd, HotCity, ST","{\"Temperature\":{\"value\":18.3,\"unit\":\"C\"}}","active","1736162739576","","offline","Acme Corp","","1736162001525","1736167171295"
"sensor-70","SN-0070","airQuality","LX-Model-Z","user-70","101 Main St, Springfield, ST","{\"AirQuality\":{\"co2Level\":401.0,\"vocLevel\":0.16,\"unit\":\"ppm\"}}","active","1736162538776","70.3","offline","MotionMaker","","1736161989293","1736166303258"
"sensor-71","SN-0071","temperature","H-Model-A","user-71","201 Light Ave, BrightCity, ST","{\"Temperature\":{\"value\":23.0,\"unit\":\"C\"}}","active","1736164071947","45.4","online","Acme Corp","1.8","1736161752128","1736166473666"
"sensor-72","SN-0072","humidity","AQ-Model-X","user-72","303 Heat Rd, HotCity, ST","{\"Humidity\":{\"value\":42.8,\"unit\":\"%\"}}","active","1736166903686","","intermittent","Acme Corp","2.9","1736158361227","1736166370357"
"sensor-73","SN-0073","temperature","LX-Model-Z","user-73","303 Heat Rd, HotCity, ST","{\"Temperature\":{\"value\":16.3,\"unit\":\"C\"}}","active","1736165237638","","online","Acme Corp","2.5","1736158658553","1736167234076"
"sensor-74","SN-0074","airQuality","MotionPro-2","user-74","303 Heat Rd, HotCity, ST","{\"AirQuality\":{\"co2Level\":392.7,\"vocLevel\":0.22,\"unit\":\"ppm\"}}","active","1736164245833","","intermittent","","1.8","1736159784671","1736166609854"
"sensor-75","SN-0075","humidity","AQ-Model-X","user-75","303 Heat Rd, HotCity, ST","{\"Humidity\":{\"value\":49.6,\"unit\":\"%\"}}","active","1736163506942","86.2","online","MotionMaker","3.4","1736159925676","1736166886961"
"sensor-76","SN-0076","temperature","T-Model-Q","user-76","303 Heat Rd, HotCity, ST","{\"Temperature\":{\"value\":26.2,\"unit\":\"C\"}}","active","1736164168179","99.5","online","Acme Corp","","1736161252721","1736166365521"
"sensor-77","SN-0077","light","T-Model-Q","user-77","202 Move Rd, ActiveTown, ST","{\"LightIntensity\":{\"value\":1967.1,\"unit\":\"lumens\"}}","active","1736165153518","","offline","LightCorp","","1736161384495","1736166984319"
"sensor-78","SN-0078","humidity","LX-Model-Z","user-78","202 Move Rd, ActiveTown, ST","{\"Humidity\":{\"value\":58.5,\"unit\":\"%\"}}","active","1736166557992","19.7","intermittent","LightCorp","","1736159666898","1736166429099"
"sensor-79","SN-0079","temperature","MotionPro-2","user-79","201 Light Ave, BrightCity, ST","{\"Temperature\":{\"value\":25.9,\"unit\":\"C\"}}","active","1736165649645","65.6","online","MotionMaker","","1736161196559","1736166450236"
"sensor-80","SN-0080","airQuality","H-Model-A","user-80","202 Move Rd, ActiveTown, ST","{\"AirQuality\":{\"co2Level\":394.8,\"vocLevel\":0.2,\"unit\":\"ppm\"}}","active","1736163816700","84.1","offline","LightCorp","3.5","1736159847430","1736166779094"
"sensor-81","SN-0081","humidity","MotionPro-2","user-81","202 Move Rd, ActiveTown, ST","{\"Humidity\":{\"value\":44.9,\"unit\":\"%\"}}","active","1736166129058","96.9","online","MotionMaker","","1736161952525","1736167214381"
"sensor-82","SN-0082","temperature","H-Model-A","user-82","202 Move Rd, ActiveTown, ST","{\"Temperature\":{\"value\":18.1,\"unit\":\"C\"}}","active","1736166588144","62.1","offline","MotionMaker","","1736160815349","1736166661583"
"sensor-83","SN-0083","temperature","AQ-Model-X","user-83","303 Heat Rd, HotCity, ST","{\"Temperature\":{\"value\":28.5,\"unit\":\"C\"}}","active","1736166671045","85.5","offline","Acme Corp","3.2","1736159018386","1736166894563"
"sensor-84","SN-0084","airQuality","LX-Model-Z","user-84","303 Heat Rd, HotCity, ST","{\"AirQuality\":{\"co2Level\":397.4,\"vocLevel\":0.29,\"unit\":\"ppm\"}}","active","1736163426303","89.7","online","MotionMaker","","1736161866124","1736167061954"
"sensor-85","SN-0085","light","T-Model-Q","user-85","101 Main St, Springfield, ST","{\"LightIntensity\":{\"value\":1876.3,\"unit\":\"lumens\"}}","active","1736166733024","95.3","online","LightCorp","2.6","1736161844262","1736166307901"
"sensor-86","SN-0086","humidity","T-Model-Q","user-86","201 Light Ave, BrightCity, ST","{\"Humidity\":{\"value\":68.9,\"unit\":\"%\"}}","active","1736163742379","83.9","online","Acme Corp","2.0","1736157941898","1736167118529"
"sensor-87","SN-0087","temperature","LX-Model-Z","user-87","101 Main St, Springfield, ST","{\"Temperature\":{\"value\":21.8,\"unit\":\"C\"}}","active","1736165935001","66.8","online","LightCorp","1.0","1736158395653","1736166395045"
"sensor-88","SN-0088","motion","AQ-Model-X","user-88","201 Light Ave, BrightCity, ST","{\"Motion\":{\"detected\":false,\"timestamp\":1736165413719}}","active","1736162308288","83.9","intermittent","","3.6","1736158034334","1736166382255"
"sensor-89","SN-0089","humidity","MotionPro-2","user-89","101 Main St, Springfield, ST","{\"Humidity\":{\"value\":67.3,\"unit\":\"%\"}}","active","1736165091053","49.9","intermittent","LightCorp","","1736158641161","1736166943951"
"sensor-90","SN-0090","temperature","T-Model-Q","user-90","202 Move Rd, ActiveTown, ST","{\"Temperature\":{\"value\":27.6,\"unit\":\"C\"}}","active","1736166828384","23.3","online","LightCorp","3.3","1736159001238","1736166445297"
"sensor-91","SN-0091","light","AQ-Model-X","user-91","202 Move Rd, ActiveTown, ST","{\"LightIntensity\":{\"value\":1425.0,\"unit\":\"lumens\"}}","active","1736166543304","","offline","LightCorp","3.9","1736159391499","1736167238355"
"sensor-92","SN-0092","airQuality","AQ-Model-X","user-92","201 Light Ave, BrightCity, ST","{\"AirQuality\":{\"co2Level\":397.3,\"vocLevel\":0.1,\"unit\":\"ppm\"}}","active","1736166361362","75.7","online","LightCorp","","1736157662887","1736166698659"
"sensor-93","SN-0093","light","T-Model-Q","user-93","101 Main St, Springfield, ST","{\"LightIntensity\":{\"value\":1879.2,\"unit\":\"lumens\"}}","active","1736165163800","19.5","online","Acme Corp","3.5","1736159151120","1736167215633"
"sensor-94","SN-0094","humidity","LX-Model-Z","user-94","303 Heat Rd, HotCity, ST","{\"Humidity\":{\"value\":63.3,\"unit\":\"%\"}}","active","1736164415068","39.5","intermittent","Acme Corp","2.9","1736157645302","1736167116124"
"sensor-95","SN-0095","light","T-Model-Q","user-95","303 Heat Rd, HotCity, ST","{\"LightIntensity\":{\"value\":1601.3,\"unit\":\"lumens\"}}","active","1736164501253","","intermittent","MotionMaker","","1736159577857","1736166976070"
"sensor-96","SN-0096","humidity","H-Model-A","user-96","201 Light Ave, BrightCity, ST","{\"Humidity\":{\"value\":48.1,\"unit\":\"%\"}}","active","1736164601272","77.1","intermittent","LightCorp","1.3","1736162091317","1736166843198"
"sensor-97","SN-0097","airQuality","H-Model-A","user-97","201 Light Ave, BrightCity, ST","{\"AirQuality\":{\"co2Level\":408.7,\"vocLevel\":0.22,\"unit\":\"ppm\"}}","active","1736162886206","28.0","intermittent","MotionMaker","3.9","1736159631436","1736166605137"
"sensor-98","SN-0098","motion","MotionPro-2","user-98","101 Main St, Springfield, ST","{\"Motion\":{\"detected\":true,\"timestamp\":1736157890098}}","active","1736165648064","","offline","Acme Corp","","1736157937577","1736166690085"
"sensor-99","SN-0099","airQuality","MotionPro-2","user-99","201 Light Ave, BrightCity, ST","{\"AirQuality\":{\"co2Level\":409.6,\"vocLevel\":0.28,\"unit\":\"ppm\"}}","active","1736164506110","54.3","offline","","1.1","1736160674726","1736167008006"
"sensor-100","SN-0100","airQuality","AQ-Model-X","user-100","201 Light Ave, BrightCity, ST","{\"AirQuality\":{\"co2Level\":393.3,\"vocLevel\":0.11,\"unit\":\"ppm\"}}","active","1736167287115","9.2","online","LightCorp","3.4","1736160170220","1736166532532"
"sensor-101","SN-0101","light","H-Model-A","user-101","101 Main St, Springfield, ST","{\"LightIntensity\":{\"value\":863.9,\"unit\":\"lumens\"}}","active","1736166738763","","online","LightCorp","","1736158254113","1736166956267"
"sensor-102","SN-0102","temperature","T-Model-Q","user-102","101 Main St, Springfield, ST","{\"Temperature\":{\"value\":29.6,\"unit\":\"C\"}}","active","1736162804093","16.4","online","","1.7","1736161886846","1736166579313"
"sensor-103","SN-0103","light","AQ-Model-X","user-103","101 Main St, Springfield, ST","{\"LightIntensity\":{\"value\":1805.1,\"unit\":\"lumens\"}}","active","1736166873369","88.1","online","LightCorp","3.3","1736161527050","1736166310998"
"sensor-104","SN-0104","airQuality","H-Model-A","user-104","101 Main St, Springfield, ST","{\"AirQuality\":{\"co2Level\":393.6,\"vocLevel\":0.25,\"unit\":\"ppm\"}}","active","1736162972569","","offline","","","1736160756024","1736166706611"
"sensor-105","SN-0105","temperature","MotionPro-2","user-105","303 Heat Rd, HotCity, ST","{\"Temperature\":{\"value\":25.7,\"unit\":\"C\"}}","active","1736166781819","48.8","offline","","2.1","1736158822984","1736166766199"
"sensor-106","SN-0106","temperature","T-Model-Q","user-106","303 Heat Rd, HotCity, ST","{\"Temperature\":{\"value\":29.3,\"unit\":\"C\"}}","active","1736165473426","","intermittent","MotionMaker","3.0","1736159700251","1736166670951"
"sensor-107","SN-0107","airQuality","LX-Model-Z","user-107","201 Light Ave, BrightCity, ST","{\"AirQuality\":{\"co2Level\":392.3,\"vocLevel\":0.13,\"unit\":\"ppm\"}}","active","1736164844263","36.7","online","Acme Corp","","1736160015001","1736167134502"
"sensor-108","SN-0108","light","MotionPro-2","user-108","101 Main St, Springfield, ST","{\"LightIntensity\":{\"value\":1939.5,\"unit\":\"lumens\"}}","active","1736163449326","","offline","Acme Corp","","1736159272937","1736166892099"
"sensor-109","SN-0109","light","LX-Model-Z","user-109","201 Light Ave, BrightCity, ST","{\"LightIntensity\":{\"value\":910.2,\"unit\":\"lumens\"}}","active","1736163709618","","intermittent","LightCorp","","1736159113349","1736166826503"
"sensor-110","SN-0110","airQuality","LX-Model-Z","user-110","202 Move Rd, ActiveTown, ST","{\"AirQuality\":{\"co2Level\":404.7,\"vocLevel\":0.29,\"unit\":\"ppm\"}}","active","1736167109917","72.9","online","","3.1","1736158941855","1736166499413"
"sensor-111","SN-0111","humidity","AQ-Model-X","user-111","101 Main St, Springfield, ST","{\"Humidity\":{\"value\":40.2,\"unit\":\"%\"}}","active","1736164540456","98.3","offline","","1.8","1736159018154","1736166746402"
"sensor-112","SN-0112","light","MotionPro-2","user-112","202 Move Rd, ActiveTown, ST","{\"LightIntensity\":{\"value\":1388.6,\"unit\":\"lumens\"}}","active","1736163014053","9.2","online","Acme Corp","2.4","1736159276145","1736166405968"
"sensor-113","SN-0113","motion","T-Model-Q","user-113","202 Move Rd, ActiveTown, ST","{\"Motion\":{\"detected\":false,\"timestamp\":1736159479125}}","active","1736166973300","","intermittent","Acme Corp","1.4","1736161211214","1736167226361"
"sensor-114","SN-0114","motion","MotionPro-2","user-114","201 Light Ave, BrightCity, ST","{\"Motion\":{\"detected\":false,\"timestamp\":1736160625175}}","active","1736165270842","6.5","online","","","1736159335351","1736167041319"
"sensor-115","SN-0115","humidity","MotionPro-2","user-115","202 Move Rd, ActiveTown, ST","{\"Humidity\":{\"value\":70.0,\"unit\":\"%\"}}","active","1736163408493","","intermittent","Acme Corp","","1736160873483","1736166716756"
"sensor-116","SN-0116","motion","MotionPro-2","user-116","101 Main St, Springfield, ST","{\"Motion\":{\"detected\":false,\"timestamp\":1736159355683}}","active","1736166260185","45.7","online","LightCorp","","1736159162552","1736166872904"
"sensor-117","SN-0117","airQuality","H-Model-A","user-117","202 Move Rd, ActiveTown, ST","{\"AirQuality\":{\"co2Level\":401.2,\"vocLevel\":0.19,\"unit\":\"ppm\"}}","active","1736162515908","","intermittent","LightCorp","","1736159469626","1736166827113"
"sensor-118","SN-0118","motion","T-Model-Q","user-118","101 Main St, Springfield, ST","{\"Motion\":{\"detected\":true,\"timestamp\":1736163585263}}","active","1736162526157","37.0","intermittent","MotionMaker","2.1","1736160895111","1736166968262"
"sensor-119","SN-0119","humidity","H-Model-A","user-119","303 Heat Rd, HotCity, ST","{\"Humidity\":{\"value\":55.6,\"unit\":\"%\"}}","active","1736163015419","52.2","online","LightCorp","1.4","1736161779733","1736166568548"
"sensor-120","SN-0120","humidity","AQ-Model-X","user-120","201 Light Ave, BrightCity, ST","{\"Humidity\":{\"value\":63.6,\"unit\":\"%\"}}","active","1736165534196","69.4","online","Acme Corp","2.5","1736159137464","1736166381962"
"sensor-121","SN-0121","motion","MotionPro-2","user-121","201 Light Ave, BrightCity, ST","{\"Motion\":{\"detected\":true,\"timestamp\":1736161548408}}","active","1736166307084","59.5","online","LightCorp","","1736158779273","1736166982027"
"sensor-122","SN-0122","light","H-Model-A","user-122","303 Heat Rd, HotCity, ST","{\"LightIntensity\":{\"value\":1593.6,\"unit\":\"lumens\"}}","active","1736164049339","62.2","intermittent","Acme Corp","3.3","1736157909646","1736166628005"
"sensor-123","SN-0123","motion","LX-Model-Z","user-123","202 Move Rd, ActiveTown, ST","{\"Motion\":{\"detected\":true,\"timestamp\":1736161727801}}","active","1736162928507","","offline","Acme Corp","1.2","1736159817167","1736166866142"
"sensor-124","SN-0124","airQuality","LX-Model-Z","user-124","303 Heat Rd, HotCity, ST","{\"AirQuality\":{\"co2Level\":395.7,\"vocLevel\":0.12,\"unit\":\"ppm\"}}","active","1736166597538","","online","LightCorp","3.2","1736159253370","1736167119124"
"sensor-125","SN-0125","temperature","LX-Model-Z","user-125","201 Light Ave, BrightCity, ST","{\"Temperature\":{\"value\":26.3,\"unit\":\"C\"}}","active","1736163999421","41.5","intermittent","Acme Corp","1.9","1736159420917","1736167271450"
"sensor-126","SN-0126","humidity","AQ-Model-X","user-126","101 Main St, Springfield, ST","{\"Humidity\":{\"value\":56.1,\"unit\":\"%\"}}","active","1736166790239","40.8","intermittent","MotionMaker","","1736159034753","1736166769207"
"sensor-127","SN-0127","airQuality","T-Model-Q","user-127","202 Move Rd, ActiveTown, ST","{\"AirQuality\":{\"co2Level\":394.6,\"vocLevel\":0.17,\"unit\":\"ppm\"}}","active","1736165644285","","offline","LightCorp","3.4","1736160704579","1736166431694"
"sensor-128","SN-0128","humidity","AQ-Model-X","user-128","303 Heat Rd, HotCity, ST","{\"Humidity\":{\"value\":48.9,\"unit\":\"%\"}}","active","1736165476767","67.5","offline","MotionMaker","3.5","1736161314729","1736166786459"
"sensor-129","SN-0129","motion","LX-Model-Z","user-129","303 Heat Rd, HotCity, ST","{\"Motion\":{\"detected\":true,\"timestamp\":1736160277878}}","active","1736163937237","40.6","offline","Acme Corp","2.7","1736159636676","1736167226329"
"sensor-130","SN-0130","light","AQ-Model-X","user-130","101 Main St, Springfield, ST","{\"LightIntensity\":{\"value\":1486.9,\"unit\":\"lumens\"}}","active","1736164283832","","online","MotionMaker","","1736157752312","1736167204537"
"sensor-131","SN-0131","airQuality","MotionPro-2","user-131","101 Main St, Springfield, ST","{\"AirQuality\":{\"co2Level\":400.8,\"vocLevel\":0.21,\"unit\":\"ppm\"}}","active","1736165096971","70.3","offline","LightCorp","","1736158565106","1736166849709"
"sensor-132","SN-0132","airQuality","MotionPro-2","user-132","303 Heat Rd, HotCity, ST","{\"AirQuality\":{\"co2Level\":406.5,\"vocLevel\":0.27,\"unit\":\"ppm\"}}","active","1736164005604","0.9","intermittent","LightCorp","3.1","1736161508787","1736167145815"
"sensor-133","SN-0133","airQuality","AQ-Model-X","user-133","202 Move Rd, ActiveTown, ST","{\"AirQuality\":{\"co2Level\":402.7,\"vocLevel\":0.11,\"unit\":\"ppm\"}}","active","1736164130209","34.9","offline","MotionMaker","2.2","1736158641736","1736167276968"
"sensor-134","SN-0134","airQuality","MotionPro-2","user-134","201 Light Ave, BrightCity, ST","{\"AirQuality\":{\"co2Level\":403.4,\"vocLevel\":0.15,\"unit\":\"ppm\"}}","active","1736166596237","99.9","online","LightCorp","3.6","1736157634290","1736166935045"
"sensor-135","SN-0135","airQuality","H-Model-A","user-135","303 Heat Rd, HotCity, ST","{\"AirQuality\":{\"co2Level\":392.0,\"vocLevel\":0.23,\"unit\":\"ppm\"}}","active","1736162850166","63.9","online","","2.1","1736157838855","1736166685037"
"sensor-136","SN-0136","airQuality","H-Model-A","user-136","101 Main St, Springfield, ST","{\"AirQuality\":{\"co2Level\":397.8,\"vocLevel\":0.28,\"unit\":\"ppm\"}}","active","1736163174645","64.8","intermittent","Acme Corp","2.7","1736158633497","1736166827314"
"sensor-137","SN-0137","motion","LX-Model-Z","user-137","201 Light Ave, BrightCity, ST","{\"Motion\":{\"detected\":false,\"timestamp\":1736159419977}}","active","1736162584847","87.7","online","LightCorp","1.1","1736159058366","1736166724018"
"sensor-138","SN-0138","airQuality","LX-Model-Z","user-138","202 Move Rd, ActiveTown, ST","{\"AirQuality\":{\"co2Level\":400.4,\"vocLevel\":0.2,\"unit\":\"ppm\"}}","active","1736165455363","65.9","intermittent","MotionMaker","1.6","1736162124912","1736166874476"
"sensor-139","SN-0139","temperature","T-Model-Q","user-139","303 Heat Rd, HotCity, ST","{\"Temperature\":{\"value\":25.5,\"unit\":\"C\"}}","active","1736164223500","6.4","intermittent","LightCorp","2.1","1736159534570","1736167235601"
"sensor-140","SN-0140","airQuality","T-Model-Q","user-140","202 Move Rd, ActiveTown, ST","{\"AirQuality\":{\"co2Level\":399.6,\"vocLevel\":0.18,\"unit\":\"ppm\"}}","active","1736165316493","","online","","3.5","1736160000435","1736166560877"
"sensor-141","SN-0141","humidity","MotionPro-2","user-141","101 Main St, Springfield, ST","{\"Humidity\":{\"value\":46.2,\"unit\":\"%\"}}","active","1736163788744","74.1","online","MotionMaker","1.8","1736158010443","1736167296392"
"sensor-142","SN-0142","light","AQ-Model-X","user-142","101 Main St, Springfield, ST","{\"LightIntensity\":{\"value\":1322.3,\"unit\":\"lumens\"}}","active","1736166036471","29.1","intermittent","Acme Corp","3.6","1736160022088","1736167181830"
"sensor-143","SN-0143","humidity","AQ-Model-X","user-143","101 Main St, Springfield, ST","{\"Humidity\":{\"value\":43.5,\"unit\":\"%\"}}","active","1736164952266","","online","LightCorp","2.3","1736158174230","1736166771104"
"sensor-144","SN-0144","humidity","MotionPro-2","user-144","202 Move Rd, ActiveTown, ST","{\"Humidity\":{\"value\":47.0,\"unit\":\"%\"}}","active","1736163480280","14.4","online","","1.2","1736157422284","1736167265436"
"sensor-145","SN-0145","light","MotionPro-2","user-145","202 Move Rd, ActiveTown, ST","{\"LightIntensity\":{\"value\":1468.1,\"unit\":\"lumens\"}}","active","1736163000091","80.6","intermittent","LightCorp","","1736158549186","1736166654971"
"sensor-146","SN-0146","light","AQ-Model-X","user-146","101 Main St, Springfield, ST","{\"LightIntensity\":{\"value\":1043.3,\"unit\":\"lumens\"}}","active","1736167106324","","online","","3.4","1736161823736","1736166900842"
"sensor-147","SN-0147","light","AQ-Model-X","user-147","101 Main St, Springfield, ST","{\"LightIntensity\":{\"value\":1827.8,\"unit\":\"lumens\"}}","active","1736165779425","82.1","intermittent","MotionMaker","","1736159959180","1736167040923"
"sensor-148","SN-0148","motion","AQ-Model-X","user-148","101 Main St, Springfield, ST","{\"Motion\":{\"detected\":false,\"timestamp\":1736163094277}}","active","1736165428533","22.2","intermittent","LightCorp","","1736159615127","1736166925828"
"sensor-149","SN-0149","humidity","LX-Model-Z","user-149","101 Main St, Springfield, ST","{\"Humidity\":{\"value\":57.0,\"unit\":\"%\"}}","active","1736163020013","79.2","offline","","1.5","1736162179747","1736166676842"
"sensor-150","SN-0150","airQuality","LX-Model-Z","user-150","101 Main St, Springfield, ST","{\"AirQuality\":{\"co2Level\":390.8,\"vocLevel\":0.21,\"unit\":\"ppm\"}}","active","1736162649462","","offline","LightCorp","2.1","1736159108910","1736166550078"
"sensor-151","SN-0151","temperature","LX-Model-Z","user-151","303 Heat Rd, HotCity, ST","{\"Temperature\":{\"value\":25.7,\"unit\":\"C\"}}","active","1736165996102","27.3","intermittent","LightCorp","2.1","1736160403152","1736167021129"
"sensor-152","SN-0152","light","AQ-Model-X","user-152","202 Move Rd, ActiveTown, ST","{\"LightIntensity\":{\"value\":842.7,\"unit\":\"lumens\"}}","active","1736166571656","94.1","intermittent","Acme Corp","3.2","1736158005865","1736166322115"
"sensor-153","SN-0153","motion","AQ-Model-X","user-153","202 Move Rd, ActiveTown, ST","{\"Motion\":{\"detected\":false,\"timestamp\":1736166492594}}","active","1736163505392","44.4","online","","2.4","1736158623344","1736167260517"
"sensor-154","SN-0154","light","AQ-Model-X","user-154","303 Heat Rd, HotCity, ST","{\"LightIntensity\":{\"value\":1346.9,\"unit\":\"lumens\"}}","active","1736163524375","","online","Acme Corp","3.5","1736161034920","1736167208496"
"sensor-155","SN-0155","airQuality","MotionPro-2","user-155","303 Heat Rd, HotCity, ST","{\"AirQuality\":{\"co2Level\":391.0,\"vocLevel\":0.11,\"unit\":\"ppm\"}}","active","1736163949469","30.3","intermittent","LightCorp","1.4","1736159205110","1736166530239"
"sensor-156","SN-0156","light","LX-Model-Z","user-156","201 Light Ave, BrightCity, ST","{\"LightIntensity\":{\"value\":1606.6,\"unit\":\"lumens\"}}","active","1736165739474","","intermittent","MotionMaker","","1736161138087","1736166382725"
"sensor-157","SN-0157","light","AQ-Model-X","user-157","303 Heat Rd, HotCity, ST","{\"LightIntensity\":{\"value\":1081.8,\"unit\":\"lumens\"}}","active","1736164924708","87.5","online","Acme Corp","","1736158435579","1736167223557"
"sensor-158","SN-0158","temperature","T-Model-Q","user-158","303 Heat Rd, HotCity, ST","{\"Temperature\":{\"value\":29.7,\"unit\":\"C\"}}","active","1736162834778","","online","MotionMaker","3.9","1736157885400","1736167193816"
"sensor-159","SN-0159","temperature","MotionPro-2","user-159","201 Light Ave, BrightCity, ST","{\"Temperature\":{\"value\":20.9,\"unit\":\"C\"}}","active","1736166446811","","online","","1.9","1736160403641","1736166588119"
"sensor-160","SN-0160","humidity","H-Model-A","user-160","202 Move Rd, ActiveTown, ST","{\"Humidity\":{\"value\":48.2,\"unit\":\"%\"}}","active","1736166461424","48.1","intermittent","Acme Corp","2.1","1736158425122","1736166584016"
"sensor-161","SN-0161","motion","AQ-Model-X","user-161","101 Main St, Springfield, ST","{\"Motion\":{\"detected\":false,\"timestamp\":1736166300622}}","active","1736165809059","70.0","online","","2.2","1736161179614","1736167140385"
"sensor-162","SN-0162","light","T-Model-Q","user-162","201 Light Ave, BrightCity, ST","{\"LightIntensity\":{\"value\":1118.4,\"unit\":\"lumens\"}}","active","1736163781430","","intermittent","Acme Corp","","1736159946982","1736166372091"
"sensor-163","SN-0163","motion","LX-Model-Z","user-163","201 Light Ave, BrightCity, ST","{\"Motion\":{\"detected\":true,\"timestamp\":1736158911756}}","active","1736165363351","11.5","offline","","1.4","1736157773954","1736166880479"
"sensor-164","SN-0164","motion","AQ-Model-X","user-164","202 Move Rd, ActiveTown, ST","{\"Motion\":{\"detected\":true,\"timestamp\":1736164831239}}","active","1736165409685","86.1","offline","","3.4","1736161510003","1736167216338"
"sensor-165","SN-0165","airQuality","H-Model-A","user-165","201 Light Ave, BrightCity, ST","{\"AirQuality\":{\"co2Level\":402.5,\"vocLevel\":0.25,\"unit\":\"ppm\"}}","active","1736164934532","40.4","online","MotionMaker","3.1","1736162266262","1736167230110"
"sensor-166","SN-0166","temperature","T-Model-Q","user-166","101 Main St, Springfield, ST","{\"Temperature\":{\"value\":20.1,\"unit\":\"C\"}}","active","1736165727181","","online","LightCorp","","1736158242845","1736166481683"
"sensor-167","SN-0167","light","LX-Model-Z","user-167","101 Main St, Springfield, ST","{\"LightIntensity\":{\"value\":922.2,\"unit\":\"lumens\"}}","active","1736166843741","40.5","offline","Acme Corp","","1736157332050","1736167174545"
"sensor-168","SN-0168","light","T-Model-Q","user-168","303 Heat Rd, HotCity, ST","{\"LightIntensity\":{\"value\":1850.3,\"unit\":\"lumens\"}}","active","1736166442461","19.8","online","LightCorp","3.0","1736160376395","1736167150944"
"sensor-169","SN-0169","light","AQ-Model-X","user-169","202 Move Rd, ActiveTown, ST","{\"LightIntensity\":{\"value\":1405.8,\"unit\":\"lumens\"}}","active","1736164037932","35.2","intermittent","LightCorp","3.9","1736158141870","1736166558626"
"sensor-170","SN-0170","light","H-Model-A","user-170","101 Main St, Springfield, ST","{\"LightIntensity\":{\"value\":1590.6,\"unit\":\"lumens\"}}","active","1736164061403","45.0","offline","LightCorp","3.6","1736162201621","1736166514023"
"sensor-171","SN-0171","temperature","T-Model-Q","user-171","201 Light Ave, BrightCity, ST","{\"Temperature\":{\"value\":17.1,\"unit\":\"C\"}}","active","1736166295864","29.0","online","","2.5","1736161229445","1736166561946"
"sensor-172","SN-0172","humidity","MotionPro-2","user-172","201 Light Ave, BrightCity, ST","{\"Humidity\":{\"value\":64.1,\"unit\":\"%\"}}","active","1736163952368","29.8","online","MotionMaker","2.2","1736161203399","1736166516647"
"sensor-173","SN-0173","motion","T-Model-Q","user-173","101 Main St, Springfield, ST","{\"Motion\":{\"detected\":true,\"timestamp\":1736162925304}}","active","1736167115890","20.8","online","Acme Corp","3.8","1736159474929","1736166395116"
"sensor-174","SN-0174","light","LX-Model-Z","user-174","201 Light Ave, BrightCity, ST","{\"LightIntensity\":{\"value\":1102.5,\"unit\":\"lumens\"}}","active","1736163392531","26.4","offline","Acme Corp","1.8","1736161027074","1736166640685"
"sensor-175","SN-0175","airQuality","T-Model-Q","user-175","201 Light Ave, BrightCity, ST","{\"AirQuality\":{\"co2Level\":390.3,\"vocLevel\":0.26,\"unit\":\"ppm\"}}","active","1736165032092","14.8","intermittent","Acme Corp","2.3","1736162184057","1736167067477"
"sensor-176","SN-0176","airQuality","AQ-Model-X","user-176","303 Heat Rd, HotCity, ST","{\"AirQuality\":{\"co2Level\":395.7,\"vocLevel\":0.3,\"unit\":\"ppm\"}}","active","1736167189059","61.6","online","Acme Corp","1.9","1736157518992","1736166973321"
"sensor-177","SN-0177","light","LX-Model-Z","user-177","101 Main St, Springfield, ST","{\"LightIntensity\":{\"value\":913.2,\"unit\":\"lumens\"}}","active","1736162887712","","offline","MotionMaker","2.6","1736158546952","1736167037705"
"sensor-178","SN-0178","motion","MotionPro-2","user-178","201 Light Ave, BrightCity, ST","{\"Motion\":{\"detected\":true,\"timestamp\":1736160692101}}","active","1736165393345","54.0","intermittent","Acme Corp","3.6","1736158023742","1736166774572"
"sensor-179","SN-0179","motion","LX-Model-Z","user-179","303 Heat Rd, HotCity, ST","{\"Motion\":{\"detected\":false,\"timestamp\":1736162134295}}","active","1736164767903","0.5","offline","LightCorp","2.7","1736158415590","1736167177543"
"sensor-180","SN-0180","humidity","LX-Model-Z","user-180","101 Main St, Springfield, ST","{\"Humidity\":{\"value\":57.3,\"unit\":\"%\"}}","active","1736162570927","39.5","online","LightCorp","2.2","1736161267013","1736166871835"
"sensor-181","SN-0181","motion","AQ-Model-X","user-181","201 Light Ave, BrightCity, ST","{\"Motion\":{\"detected\":true,\"timestamp\":1736159611556}}","active","1736165542963","88.7","offline","LightCorp","3.4","1736159122657","1736166676693"
"sensor-182","SN-0182","humidity","MotionPro-2","user-182","201 Light Ave, BrightCity, ST","{\"Humidity\":{\"value\":52.1,\"unit\":\"%\"}}","active","1736164408465","32.9","offline","MotionMaker","3.8","1736157506180","1736166414933"
"sensor-183","SN-0183","temperature","H-Model-A","user-183","201 Light Ave, BrightCity, ST","{\"Temperature\":{\"value\":17.6,\"unit\":\"C\"}}","active","1736164621609","","intermittent","Acme Corp","2.9","1736158766198","1736166662371"
"sensor-184","SN-0184","temperature","MotionPro-2","user-184","303 Heat Rd, HotCity, ST","{\"Temperature\":{\"value\":26.9,\"unit\":\"C\"}}","active","1736163191385","","offline","","1.0","1736159202464","1736166647743"
"sensor-185","SN-0185","temperature","T-Model-Q","user-185","303 Heat Rd, HotCity, ST","{\"Temperature\":{\"value\":23.9,\"unit\":\"C\"}}","active","1736165549674","49.7","intermittent","LightCorp","3.1","1736161109588","1736166315456"
"sensor-186","SN-0186","motion","T-Model-Q","user-186","201 Light Ave, BrightCity, ST","{\"Motion\":{\"detected\":false,\"timestamp\":1736157585261}}","active","1736167278500","44.3","offline","Acme Corp","","1736161128930","1736166760595"
"sensor-187","SN-0187","light","MotionPro-2","user-187","303 Heat Rd, HotCity, ST","{\"LightIntensity\":{\"value\":1007.3,\"unit\":\"lumens\"}}","active","1736167001885","27.8","intermittent","LightCorp","2.1","1736161207836","1736167032690"
"sensor-188","SN-0188","temperature","AQ-Model-X","user-188","202 Move Rd, ActiveTown, ST","{\"Temperature\":{\"value\":28.3,\"unit\":\"C\"}}","active","1736164814003","","intermittent","Acme Corp","1.6","1736159414351","1736166496549"
"sensor-189","SN-0189","temperature","AQ-Model-X","user-189","101 Main St, Springfield, ST","{\"Temperature\":{\"value\":27.2,\"unit\":\"C\"}}","active","1736166539143","55.7","offline","Acme Corp","3.9","1736158930803","1736166973304"
"sensor-190","SN-0190","humidity","T-Model-Q","user-190","202 Move Rd, ActiveTown, ST","{\"Humidity\":{\"value\":40.2,\"unit\":\"%\"}}","active","1736164862712","37.2","intermittent","LightCorp","","1736161820209","1736167150354"
"sensor-191","SN-0191","airQuality","MotionPro-2","user-191","201 Light Ave, BrightCity, ST","{\"AirQuality\":{\"co2Level\":401.7,\"vocLevel\":0.16,\"unit\":\"ppm\"}}","active","1736163861095","","online","Acme Corp","","1736161472307","1736166799210"
"sensor-192","SN-0192","light","MotionPro-2","user-192","202 Move Rd, ActiveTown, ST","{\"LightIntensity\":{\"value\":1450.5,\"unit\":\"lumens\"}}","active","1736163757749","96.7","offline","","","1736157460871","1736166315477"
"sensor-193","SN-0193","light","MotionPro-2","user-193","101 Main St, Springfield, ST","{\"LightIntensity\":{\"value\":1029.5,\"unit\":\"lumens\"}}","active","1736162355342","","intermittent","LightCorp","1.6","1736160294573","1736166307549"
"sensor-194","SN-0194","motion","T-Model-Q","user-194","202 Move Rd, ActiveTown, ST","{\"Motion\":{\"detected\":true,\"timestamp\":1736158308873}}","active","1736165801857","70.2","offline","Acme Corp","3.7","1736158141672","1736166875425"
"sensor-195","SN-0195","temperature","H-Model-A","user-195","303 Heat Rd, HotCity, ST","{\"Temperature\":{\"value\":19.1,\"unit\":\"C\"}}","active","1736162601803","47.6","online","","3.4","1736160379572","1736167228203"
"sensor-196","SN-0196","temperature","T-Model-Q","user-196","101 Main St, Springfield, ST","{\"Temperature\":{\"value\":26.1,\"unit\":\"C\"}}","active","1736162925932","32.4","intermittent","Acme Corp","3.9","1736161228772","1736166971551"
"sensor-197","SN-0197","humidity","MotionPro-2","user-197","303 Heat Rd, HotCity, ST","{\"Humidity\":{\"value\":44.5,\"unit\":\"%\"}}","active","1736163799219","46.7","online","Acme Corp","2.7","1736158028221","1736167064349"
"sensor-198","SN-0198","motion","H-Model-A","user-198","303 Heat Rd, HotCity, ST","{\"Motion\":{\"detected\":false,\"timestamp\":1736160873965}}","active","1736162754299","52.7","intermittent","","2.1","1736161418955","1736166908614"
"sensor-199","SN-0199","motion","T-Model-Q","user-199","303 Heat Rd, HotCity, ST","{\"Motion\":{\"detected\":true,\"timestamp\":1736160608489}}","active","1736164681435","","online","","2.9","1736160364638","1736167158235"
"sensor-200","SN-0200","motion","T-Model-Q","user-200","101 Main St, Springfield, ST","{\"Motion\":{\"detected\":false,\"timestamp\":1736165933353}}","active","1736167163282","96.7","online","LightCorp","2.3","1736158202394","1736166342963"
